year,month,day,dog_name,weight,std
2018,08,12,raisin,19.75,NA
2018,08,12,simone,10.88,NA
2018,08,12,gagne,10.62,NA
2018,08,19,raisin,20.19,20.99
2018,08,19,simone,11.12,20.99
2018,08,19,gagne,10.75,20.99
2018,08,22,raisin,20.25,20.98
2018,08,22,simone,11.25,20.98
2018,08,22,gagne,10.81,20.98
2018,08,24,raisin,19.81,20.98
2018,08,24,simone,11.25,20.98
2018,08,24,gagne,11.06,20.98
2018,08,27,raisin,19.38,20.98
2018,08,27,simone,10.5,20.98
2018,08,27,gagne,10.38,20.98
2018,08,29,raisin,19.38,20.98
2018,08,29,simone,11,20.98
2018,08,29,gagne,11.06,20.98
2018,08,31,raisin,19.56,20.98
2018,08,31,simone,11,20.98
2018,08,31,gagne,10.75,20.98
2018,09,02,raisin,19.62,20.98
2018,09,02,simone,10.81,20.98
2018,09,02,gagne,10.62,20.98
2018,09,03,raisin,19.5,20.98
2018,09,03,simone,10.94,20.98
2018,09,03,gagne,10.81,20.98
2018,09,04,raisin,19.56,20.98
2018,09,04,simone,11,20.98
2018,09,04,gagne,10.94,20.98
2018,09,05,raisin,19.5,20.98
2018,09,05,simone,11.12,20.98
2018,09,05,gagne,11,20.98
2018,09,06,raisin,19.44,20.98
2018,09,06,simone,11,20.98
2018,09,06,gagne,10.69,20.98
2018,09,07,raisin,19.38,20.98
2018,09,07,simone,11.06,20.98
2018,09,07,gagne,11.12,20.98
2018,09,08,raisin,19.44,20.98
2018,09,08,simone,11.25,20.98
2018,09,08,gagne,10.94,20.98
2018,09,09,raisin,19.5,20.98
2018,09,09,simone,11.12,20.98
2018,09,09,gagne,10.81,20.98
2018,09,10,raisin,19.44,20.98
2018,09,10,simone,11.12,20.98
2018,09,10,gagne,10.81,20.98
2018,09,11,raisin,19.5,20.98
2018,09,11,simone,10.94,20.98
2018,09,11,gagne,11,20.98
2018,09,12,raisin,19.5,20.98
2018,09,12,simone,11.06,20.98
2018,09,12,gagne,11,20.98
2018,09,13,raisin,19.44,20.98
2018,09,13,simone,11.19,20.98
2018,09,13,gagne,11,20.98
2018,09,14,raisin,19.62,20.98
2018,09,14,simone,11.06,20.98
2018,09,14,gagne,11.06,20.98
2018,09,15,raisin,19.5,20.98
2018,09,16,raisin,19.56,20.98
2018,09,16,simone,11,20.98
2018,09,16,gagne,11.06,20.98
2018,10,01,raisin,19,NA
2018,10,01,simone,10.25,NA
2018,10,01,gagne,10.25,NA
2018,10,02,raisin,19.38,20.98
2018,10,02,simone,11,20.98
2018,10,02,gagne,10.75,20.98
2018,10,03,raisin,19,20.98
2018,10,03,simone,10.62,20.98
2018,10,03,gagne,10.19,20.98
2018,10,04,raisin,18.94,20.98
2018,10,04,simone,10.56,20.98
2018,10,04,gagne,10.25,20.98
2018,10,09,raisin,19.62,20.98
2018,10,09,simone,10.62,20.98
2018,10,09,gagne,10.69,20.98
2018,10,10,raisin,19.12,20.98
2018,10,10,simone,10.69,20.98
2018,10,10,gagne,10.69,20.98
2018,10,11,raisin,19.12,20.98
2018,10,11,simone,10.69,20.98
2018,10,11,gagne,10.56,20.98
2018,10,12,raisin,19.06,20.98
2018,10,12,simone,10.62,20.98
2018,10,12,gagne,10.69,20.98
2018,10,13,raisin,19.31,20.98
2018,10,13,simone,10.56,20.98
2018,10,13,gagne,10.69,20.98
2018,10,14,raisin,19.06,20.98
2018,10,14,simone,10.56,20.98
2018,10,14,gagne,10.69,20.98
2018,10,15,raisin,19.25,NA
2018,10,16,raisin,18.81,20.98
2018,10,16,simone,10.69,20.98
2018,10,16,gagne,10.69,20.98
2018,10,17,raisin,18.94,20.98
2018,10,17,simone,10.81,20.98
2018,10,17,gagne,10.81,20.98
2018,10,18,raisin,18.88,20.98
2018,10,18,simone,10.75,20.98
2018,10,18,gagne,10.81,20.98
2018,10,22,raisin,18.62,NA
2018,10,22,simone,10.25,NA
2018,10,22,gagne,10.31,NA
2018,10,23,raisin,18.5,20.98
2018,10,23,simone,10.5,20.98
2018,10,23,gagne,10.5,20.98
2018,10,24,raisin,18.44,20.98
2018,10,24,simone,10.75,20.98
2018,10,24,gagne,10.56,20.98
2018,10,25,raisin,18.44,NA
2018,10,25,simone,10.5,NA
2018,10,25,gagne,10.56,NA
2018,10,26,raisin,18.5,NA
2018,10,26,simone,10.5,NA
2018,10,26,gagne,10.69,NA
2018,10,27,raisin,18.62,NA
2018,10,27,simone,10.56,NA
2018,10,27,gagne,10.75,NA
2018,10,28,raisin,18.38,NA
2018,10,28,simone,10.56,NA
2018,10,28,gagne,10.75,NA
2018,10,29,raisin,18.56,NA
2018,10,29,simone,10.5,NA
2018,10,29,gagne,10.62,NA
2018,10,30,raisin,18.5,NA
2018,10,30,simone,10.56,NA
2018,10,30,gagne,10.62,NA
2018,10,31,raisin,18.44,20.98
2018,10,31,simone,10.62,20.98
2018,10,31,gagne,10.75,20.98
2018,11,01,raisin,18.44,NA
2018,11,01,simone,10.5,NA
2018,11,01,gagne,10.69,NA
2018,11,02,raisin,18.38,NA
2018,11,02,simone,10.38,NA
2018,11,02,gagne,10.56,NA
2018,11,04,raisin,18.69,NA
2018,11,04,simone,10.69,NA
2018,11,04,gagne,10.81,NA
2018,11,05,raisin,18.44,NA
2018,11,05,simone,10.5,NA
2018,11,05,gagne,10.69,NA
2018,11,06,raisin,18.44,20.98
2018,11,06,simone,10.5,20.98
2018,11,06,gagne,10.75,20.98
2018,11,18,raisin,19.44,NA
2018,11,19,raisin,19,NA
2018,11,19,simone,10.44,NA
2018,11,19,gagne,10.88,NA
2018,11,20,raisin,18.56,NA
2018,11,20,simone,10.44,NA
2018,11,20,gagne,10.56,NA
2018,11,21,raisin,18.44,NA
2018,11,21,simone,10.5,NA
2018,11,21,gagne,10.69,NA
2018,11,22,raisin,18.5,NA
2018,11,22,simone,10.31,NA
2018,11,22,gagne,10.69,NA
2018,11,23,raisin,18.44,NA
2018,11,23,simone,10.25,NA
2018,11,23,gagne,10.5,NA
2018,11,29,raisin,18.31,NA
2018,11,29,simone,10.5,NA
2018,11,29,gagne,10.62,NA
2018,12,01,raisin,18.25,NA
2018,12,01,simone,10.38,NA
2018,12,01,gagne,10.44,NA
2018,12,04,raisin,18.44,NA
2018,12,04,simone,10.38,NA
2018,12,04,gagne,10.62,NA
2018,12,05,raisin,18.25,NA
2018,12,05,simone,10.44,NA
2018,12,05,gagne,10.75,NA
2018,12,06,raisin,18.19,NA
2018,12,06,simone,10.5,NA
2018,12,06,gagne,10.69,NA
2018,12,08,raisin,18.25,NA
2018,12,08,simone,10.69,NA
2018,12,08,gagne,10.88,NA
2018,12,09,raisin,18.19,NA
2018,12,09,simone,10.5,NA
2018,12,09,gagne,10.81,NA
2018,12,10,raisin,18.12,NA
2018,12,11,raisin,18.25,NA
2018,12,11,simone,10.62,NA
2018,12,11,gagne,10.88,NA
2018,12,17,raisin,17.94,NA
2018,12,17,simone,10.12,NA
2018,12,17,gagne,10.38,NA
2018,12,18,raisin,17.88,NA
2018,12,18,simone,10.12,NA
2018,12,18,gagne,10.69,NA
2019,01,08,raisin,17.94,NA
2019,01,08,simone,10,NA
2019,01,08,gagne,10.31,NA
2019,01,10,raisin,17.81,NA
2019,01,10,simone,10.12,NA
2019,01,10,gagne,10.38,NA
2019,01,14,raisin,17.88,NA
2019,01,14,simone,9.94,NA
2019,01,14,gagne,10.31,NA
2019,01,17,raisin,17.81,20.96
2019,01,17,simone,10.38,20.96
2019,01,17,gagne,10.38,20.96
2019,01,19,raisin,17.75,NA
2019,01,19,simone,10.12,NA
2019,01,19,gagne,10.38,NA
2019,01,26,raisin,18,NA
2019,01,26,simone,10.62,NA
2019,01,26,gagne,10.56,NA
2019,01,27,raisin,18.06,NA
2019,01,27,simone,10.62,NA
2019,01,27,gagne,10.62,NA
2019,01,28,raisin,17.94,NA
2019,01,28,simone,10.5,NA
2019,01,28,gagne,10.38,NA
2019,02,04,raisin,18.06,NA
2019,02,04,simone,10.62,NA
2019,02,04,gagne,10.81,NA
2019,02,06,raisin,18.06,NA
2019,02,06,simone,10.88,NA
2019,02,06,gagne,10.88,NA
2019,02,08,raisin,18,NA
2019,02,08,simone,10.56,NA
2019,02,08,gagne,10.69,NA
2019,02,10,raisin,17.94,NA
2019,02,10,simone,10.62,NA
2019,02,10,gagne,10.69,NA
2019,02,13,raisin,18.06,NA
2019,02,13,simone,10.62,NA
2019,02,13,gagne,10.81,NA
2019,02,15,raisin,17.88,NA
2019,02,26,raisin,17.81,NA
2019,02,26,simone,10.38,NA
2019,02,26,gagne,10.44,NA
2019,02,28,raisin,17.62,NA
2019,02,28,simone,10.25,NA
2019,02,28,gagne,10.31,NA
2019,03,03,raisin,17.44,NA
2019,03,03,simone,10.31,NA
2019,03,03,gagne,10.19,NA
2019,03,05,raisin,17.56,NA
2019,03,05,simone,10.44,NA
2019,03,05,gagne,10.5,NA
2019,03,19,raisin,18.06,NA
2019,03,19,simone,9.94,NA
2019,03,19,gagne,9.88,NA
2019,03,21,raisin,18.06,NA
2019,03,21,simone,10.12,NA
2019,03,21,gagne,10.06,NA
2019,03,23,raisin,17.94,NA
2019,03,23,simone,10.06,NA
2019,03,23,gagne,10.06,NA
2019,03,25,raisin,17.94,NA
2019,03,25,simone,10.06,NA
2019,03,25,gagne,10.06,NA
2019,03,31,raisin,17.81,NA
2019,03,31,simone,10.44,NA
2019,03,31,gagne,10.38,NA
2019,04,05,raisin,17.81,NA
2019,04,05,simone,10.25,NA
2019,04,05,gagne,10.44,NA
2019,04,07,raisin,17.88,NA
2019,04,07,simone,10.25,NA
2019,04,07,gagne,10.44,NA
2019,04,09,raisin,17.94,NA
2019,04,09,simone,10.38,NA
2019,04,09,gagne,10.44,NA
2019,04,11,raisin,17.94,NA
2019,04,11,simone,10.38,NA
2019,04,11,gagne,10.38,NA
2019,04,15,raisin,17.62,NA
2019,04,15,simone,9.94,NA
2019,04,15,gagne,9.94,NA
2019,04,21,raisin,17.62,NA
2019,04,21,simone,10.31,NA
2019,04,21,gagne,10.12,NA
2019,04,24,raisin,17.69,NA
2019,04,24,simone,10.38,NA
2019,04,24,gagne,10.19,NA
2019,04,30,raisin,17.56,NA
2019,04,30,simone,10.06,NA
2019,04,30,gagne,9.81,NA
2019,05,03,raisin,17.5,NA
2019,05,03,simone,10.31,NA
2019,05,03,gagne,10.06,NA
2019,05,06,raisin,17.56,NA
2019,05,06,simone,10.06,NA
2019,05,06,gagne,10.06,NA
2019,05,10,raisin,17.25,NA
2019,05,10,simone,10.19,NA
2019,05,10,gagne,10.12,NA
2019,05,17,raisin,17.5,NA
2019,05,17,simone,10.25,NA
2019,05,17,gagne,10.06,NA
2019,05,31,raisin,17.25,NA
2019,05,31,simone,9.88,NA
2019,05,31,gagne,9.5,NA
2019,06,08,raisin,18.06,NA
2019,06,08,simone,10.44,NA
2019,06,08,gagne,9.88,NA
2019,06,12,raisin,17.69,NA
2019,06,12,simone,10.31,NA
2019,06,12,gagne,9.56,NA
2019,06,15,raisin,17.75,NA
2019,06,15,simone,10.25,NA
2019,06,15,gagne,9.5,NA
2019,06,21,raisin,18.25,NA
2019,06,21,simone,10.56,NA
2019,06,21,gagne,9.56,NA
2019,07,03,raisin,18,NA
2019,07,03,simone,10,NA
2019,07,03,gagne,9.31,NA
2019,07,08,raisin,18.06,NA
2019,07,08,simone,10.69,NA
2019,07,08,gagne,9.38,NA
2019,07,16,raisin,18.38,NA
2019,07,16,simone,10.44,NA
2019,07,16,gagne,8.94,NA
2019,07,19,raisin,18.12,NA
2019,07,19,simone,10.38,NA
2019,07,19,gagne,9,NA
2019,07,23,raisin,18.19,NA
2019,07,23,simone,10.25,NA
2019,07,23,gagne,8.75,NA
2019,07,26,raisin,18.19,NA
2019,07,26,simone,10.25,NA
2019,07,26,gagne,9,NA
2019,07,30,raisin,18.12,NA
2019,07,30,simone,10.25,NA
2019,07,30,gagne,8.75,NA
2019,08,04,raisin,18.19,NA
2019,08,04,simone,10.38,NA
2019,08,04,gagne,8.69,NA
2019,08,06,raisin,18.19,NA
2019,08,06,simone,10.44,NA
2019,08,06,gagne,8.81,NA
2019,08,10,raisin,17.94,NA
2019,08,10,simone,10.19,NA
2019,08,10,gagne,8.75,NA
2019,08,14,raisin,7.94,NA
2019,08,14,simone,10.44,NA
2019,08,14,gagne,8.88,NA
2019,08,18,raisin,18,NA
2019,08,18,simone,10.25,NA
2019,08,18,gagne,8.69,NA
2019,08,22,raisin,17.88,NA
2019,08,22,simone,10.38,NA
2019,08,22,gagne,8.56,NA
2019,08,25,raisin,17.94,NA
2019,08,25,simone,10.31,NA
2019,08,25,gagne,8.38,NA
2019,08,28,raisin,17.81,NA
2019,08,28,simone,10.31,NA
2019,08,28,gagne,8.12,NA
2019,09,03,raisin,17.88,NA
2019,09,03,simone,9.88,NA
2019,09,06,raisin,17.44,NA
2019,09,06,simone,10.12,NA
2019,09,06,gagne,8,NA
2019,09,22,raisin,17.88,NA
2019,09,22,simone,9.94,NA
2019,09,25,raisin,17.62,NA
2019,09,25,simone,10.19,NA
2019,10,02,raisin,17.56,NA
2019,10,02,simone,10.25,NA
2019,10,07,raisin,17.5,NA
2019,10,07,simone,10.06,NA
2019,10,11,raisin,17.38,NA
2019,10,11,simone,10.25,NA
2019,10,15,raisin,17.56,NA
2019,10,15,simone,10.31,NA
2019,10,19,raisin,17.69,NA
2019,10,19,simone,10.19,NA
2019,10,22,raisin,17.69,NA
2019,10,22,simone,10.31,NA
2019,11,04,raisin,17.12,NA
2019,11,04,simone,9.12,NA
2019,11,06,raisin,17.38,NA
2019,11,06,simone,9.62,NA
2019,11,10,raisin,17.56,NA
2019,11,10,simone,10,NA
2019,11,17,raisin,17.31,NA
2019,11,17,simone,9.75,NA
2019,11,24,raisin,17.62,NA
2019,11,24,simone,9.88,NA
2019,11,30,raisin,17.38,NA
2019,11,30,simone,9.75,NA
2019,12,07,raisin,17.5,NA
2019,12,07,simone,9.88,NA
2019,12,12,raisin,17.75,NA
2019,12,12,simone,10,NA
2019,12,15,raisin,17.88,NA
2019,12,15,simone,10,NA
2019,12,19,raisin,17.81,NA
2019,12,19,simone,9.88,NA
2019,12,30,raisin,17.81,NA
2019,12,30,simone,9.88,NA
2020,01,11,raisin,17.56,NA
2020,01,11,simone,9.62,NA
2020,01,13,raisin,17.62,NA
2020,01,13,simone,9.56,NA
2020,01,19,raisin,17.94,NA
2020,01,19,simone,9.69,NA
2020,01,22,raisin,17.88,NA
2020,01,22,simone,9.81,NA
2020,01,29,raisin,18,NA
2020,01,29,simone,9.94,NA
2020,02,03,raisin,17.31,NA
2020,02,03,simone,9.31,NA
2020,02,06,raisin,17.38,NA
2020,02,06,simone,9.62,NA
2020,02,13,raisin,17.44,NA
2020,02,13,simone,9.94,NA
2020,02,18,raisin,17.25,NA
2020,02,18,simone,9.25,NA
2020,02,25,raisin,17.31,NA
2020,02,25,simone,9.75,NA
2020,03,04,raisin,17.5,NA
2020,03,04,simone,10.06,NA
2020,03,10,raisin,17.5,NA
2020,03,10,simone,10,NA
2020,03,13,raisin,17.5,NA
2020,03,13,simone,9.94,NA
2020,03,20,raisin,17.62,NA
2020,03,20,simone,10.19,NA
2020,03,24,raisin,17.56,NA
2020,03,24,simone,10.06,NA
2020,03,30,raisin,17.88,NA
2020,03,30,simone,10.06,NA
2020,04,03,raisin,17.88,NA
2020,04,03,simone,10.06,NA
2020,04,06,raisin,17.81,NA
2020,04,06,simone,10.31,NA
2020,04,10,raisin,17.81,NA
2020,04,10,simone,10.19,NA
2020,04,17,raisin,17.94,NA
2020,04,17,simone,10.5,NA
2020,04,20,raisin,17.94,NA
2020,04,20,simone,10.56,NA
2020,04,26,raisin,18.12,NA
2020,04,26,simone,10.38,NA
2020,05,02,raisin,18.31,NA
2020,05,02,simone,10.38,NA
2020,05,06,raisin,18.19,NA
2020,05,06,simone,10.44,NA
2020,05,12,raisin,18.38,NA
2020,05,12,simone,10.38,NA
2020,05,16,raisin,18.38,NA
2020,05,16,simone,10.5,NA
2020,05,20,raisin,18.44,NA
2020,05,20,simone,10.56,NA
2020,05,22,raisin,18.56,NA
2020,05,22,simone,10.81,NA
2020,05,23,raisin,18.31,NA
2020,05,23,simone,10.62,NA
2020,05,30,raisin,18.31,NA
2020,05,30,simone,10.5,NA
2020,06,04,raisin,18.31,NA
2020,06,04,simone,10.25,NA
2020,06,09,raisin,18.44,20.98
2020,06,09,simone,10.5,20.98
2020,06,10,raisin,18.19,NA
2020,06,10,simone,10.38,NA
2020,06,13,raisin,18.12,NA
2020,06,13,simone,10.56,NA
2020,06,16,raisin,18.44,NA
2020,06,16,simone,10.44,NA
2020,06,18,raisin,18.5,NA
2020,06,18,simone,10.44,NA
2020,06,21,raisin,18.19,NA
2020,06,21,simone,10.44,NA
2020,06,23,raisin,18.31,NA
2020,06,23,simone,10.5,NA
2020,07,12,raisin,18.56,NA
2020,07,12,simone,10.5,NA
2020,07,13,raisin,18.38,NA
2020,07,14,raisin,18.38,NA
2020,07,15,raisin,18.5,NA
2020,07,15,simone,10.38,NA
2020,07,17,raisin,18.31,NA
2020,07,17,simone,10.75,NA
2020,07,18,raisin,18.56,NA
2020,07,20,raisin,18.62,NA
2020,07,20,simone,10.44,NA
2020,07,23,raisin,18.62,NA
2020,07,24,raisin,18.5,NA
2020,07,24,simone,10.56,NA
2020,07,27,raisin,18.56,NA
2020,07,27,simone,10.5,NA
2020,07,29,raisin,18.38,NA
2020,07,29,simone,10.5,NA
2020,07,31,raisin,18.44,NA
2020,07,31,simone,10.44,NA
2020,08,02,raisin,18.56,20.98
2020,08,02,simone,10.62,20.98
2020,08,03,raisin,18.44,NA
2020,08,03,simone,10.5,NA
2020,08,04,raisin,18.56,NA
2020,08,04,simone,10.44,NA
2020,08,06,raisin,18.5,NA
2020,08,06,simone,10.56,NA
2020,08,07,raisin,18.31,NA
2020,08,07,simone,10.38,NA
2020,09,01,raisin,18.56,NA
2020,09,01,simone,9.38,NA
2020,09,07,raisin,18.19,NA
2020,09,07,simone,9.94,NA
2020,09,09,raisin,18,NA
2020,09,09,simone,10.12,NA
2020,09,14,raisin,18.06,NA
2020,09,14,simone,9.5,NA
2020,09,15,raisin,17.88,NA
2020,09,15,simone,10.19,NA
2020,09,16,raisin,17.94,NA
2020,09,16,simone,10.12,NA
2020,09,18,raisin,17.94,NA
2020,09,18,simone,10.12,NA
2020,09,19,raisin,18,NA
2020,09,19,simone,10.19,NA
2020,09,21,raisin,18.25,NA
2020,09,21,simone,10,NA
2020,09,24,raisin,17.81,NA
2020,09,24,simone,10.25,NA
2020,09,29,raisin,17.94,NA
2020,09,29,simone,10.25,NA
2020,10,01,raisin,17.75,NA
2020,10,03,raisin,17.88,NA
2020,10,06,raisin,17.75,NA
2020,10,09,raisin,17.75,NA
2020,10,13,raisin,18,NA
2020,10,16,raisin,17.62,NA
2020,10,20,raisin,17.62,NA
2020,10,24,raisin,17.69,20.98
2020,10,26,raisin,17.56,NA
2020,10,29,raisin,17.5,NA
2020,11,02,raisin,17.5,NA
2020,11,03,raisin,17.38,NA
2020,11,06,raisin,17,NA
2020,11,10,raisin,16.88,20.98
2020,11,16,raisin,16.88,NA
2020,11,16,simone,10.25,NA
2020,11,18,raisin,16.94,NA
2020,11,18,simone,9.94,NA
2020,11,20,raisin,16.88,NA
2020,11,20,simone,10,NA
2020,11,24,raisin,16.69,NA
2020,11,24,simone,10.19,NA
2020,11,29,raisin,16.62,NA
2020,11,29,simone,9.88,NA
2020,12,01,raisin,16.69,NA
2020,12,01,simone,10,NA
2020,12,03,raisin,16.75,NA
2020,12,03,simone,9.81,NA
2020,12,05,raisin,16.44,20.98
2020,12,05,simone,9.94,20.98
2020,12,08,raisin,16.56,NA
2020,12,08,simone,10,NA
2020,12,11,simone,10.06,NA
2020,12,12,raisin,16.56,NA
2020,12,12,simone,9.81,NA
2020,12,16,raisin,16.5,NA
2020,12,16,simone,10.12,NA
2020,12,19,raisin,16.5,NA
2020,12,19,simone,10,NA
2021,01,20,raisin,17.38,NA
2021,01,20,simone,9.69,NA
2021,01,22,raisin,17.44,NA
2021,01,22,simone,9.81,NA
2021,01,23,raisin,17.31,NA
2021,01,23,simone,10.06,NA
2021,01,26,raisin,17.06,NA
2021,01,26,simone,9.25,NA
2021,01,28,raisin,17.25,NA
2021,01,28,simone,9.19,NA
2021,01,31,raisin,17.25,NA
2021,01,31,simone,9.19,NA
2021,02,02,raisin,16.75,20.96
2021,02,02,simone,8.69,20.96
2021,02,04,raisin,16.69,NA
2021,02,04,simone,8.81,NA
2021,02,07,raisin,16.94,NA
2021,02,07,simone,9.38,NA
2021,02,09,raisin,16.75,NA
2021,02,09,simone,9.38,NA
2021,02,11,raisin,16.69,NA
2021,02,11,simone,9.38,NA
2021,02,13,raisin,16.75,NA
2021,02,13,simone,9.5,NA
2021,02,14,raisin,16.81,NA
2021,02,14,simone,9.56,NA
2021,02,18,raisin,16.56,NA
2021,02,18,simone,9.5,NA
2021,02,20,raisin,16.88,NA
2021,02,20,simone,9.38,NA
2021,02,25,raisin,16.88,NA
2021,02,25,simone,9.44,NA
2021,03,18,raisin,17.38,NA
2021,03,18,simone,9.5,NA
2021,03,20,raisin,17.44,NA
2021,03,20,simone,9.25,NA
2021,03,22,raisin,17.38,NA
2021,03,22,simone,9.5,NA
2021,03,26,raisin,17.06,NA
2021,03,26,simone,9.44,NA
2021,03,27,raisin,16.88,NA
2021,03,27,simone,9.44,NA
2021,03,30,raisin,16.94,NA
2021,03,30,simone,9.31,NA
2021,04,05,raisin,16.88,NA
2021,04,05,simone,9.56,NA
2021,04,07,raisin,16.75,NA
2021,04,07,simone,9.44,NA
2021,04,09,raisin,16.94,NA
2021,04,09,simone,9.62,NA
2021,04,12,raisin,17.31,NA
2021,04,12,simone,9.56,NA
2021,04,14,raisin,16.94,NA
2021,04,14,simone,9.44,NA
2021,04,16,raisin,16.94,NA
2021,04,16,simone,9.38,NA
2021,04,17,raisin,16.75,NA
2021,04,17,simone,9,NA
2021,04,21,raisin,16.69,NA
2021,04,21,simone,9.25,NA
2021,04,27,raisin,16.75,NA
2021,04,27,simone,9.12,NA
2021,04,29,raisin,16.75,NA
2021,04,29,simone,9,NA
2021,05,04,raisin,16.75,NA
2021,05,04,simone,8.81,NA
2021,05,07,raisin,16.94,NA
2021,05,07,simone,9,NA
2021,05,12,raisin,16.81,NA
2021,05,12,simone,8.94,NA
2021,05,15,raisin,17.25,NA
2021,05,15,simone,9.19,NA
2021,05,17,raisin,17.06,NA
2021,05,17,simone,9,NA
2021,05,18,raisin,16.94,NA
2021,05,18,simone,9.12,NA
2021,05,20,raisin,16.81,NA
2021,05,20,simone,9.25,NA
2021,05,21,raisin,16.81,NA
2021,05,21,simone,8.88,NA
2021,05,24,raisin,16.94,NA
2021,05,24,simone,9.38,NA
2021,05,25,raisin,16.88,NA
2021,05,25,simone,9.19,NA
2021,05,27,raisin,16.75,NA
2021,05,27,simone,9.25,NA
2021,05,31,raisin,16.88,NA
2021,05,31,simone,9.12,NA
2021,06,02,raisin,17.12,NA
2021,06,02,simone,9.31,NA
2021,06,04,raisin,17.56,21.04
2021,06,04,simone,9.44,21.04
2021,06,06,raisin,17,NA
2021,06,06,simone,9.56,NA
2021,06,07,raisin,16.94,NA
2021,06,07,simone,9.31,NA
2021,06,09,raisin,17.12,NA
2021,06,09,simone,9.44,NA
2021,06,12,raisin,17.12,NA
2021,06,12,simone,9.25,NA
2021,06,14,raisin,16.94,NA
2021,06,14,simone,9.62,NA
2021,06,16,raisin,16.94,NA
2021,06,16,simone,9.5,NA
2021,06,19,raisin,17.19,NA
2021,06,19,simone,9.62,NA
2021,06,21,raisin,17.06,NA
2021,06,21,simone,9.56,NA
2021,06,23,raisin,17.12,NA
2021,06,23,simone,9.56,NA
2021,06,24,raisin,17.06,NA
2021,06,24,simone,9.56,NA
2021,06,26,raisin,17.12,NA
2021,06,26,simone,9.69,NA
2021,07,22,raisin,17.5,NA
2021,07,22,simone,9.5,NA
2021,07,28,raisin,17.19,NA
2021,07,28,simone,9.62,NA
2021,07,30,raisin,17.25,NA
2021,07,30,simone,9.5,NA
2021,08,04,raisin,17.19,NA
2021,08,04,simone,9.38,NA
2021,08,08,raisin,17.06,NA
2021,08,08,simone,9.44,NA
2021,08,13,raisin,17.06,NA
2021,08,13,simone,9.38,NA
2021,08,18,raisin,16.94,NA
2021,08,18,simone,9.5,NA
2021,08,19,raisin,16.75,NA
2021,08,19,simone,9.44,NA
2021,08,31,raisin,17.94,NA
2021,08,31,simone,9.44,NA
2021,09,03,raisin,17.5,NA
2021,09,03,simone,9.25,NA
2021,09,06,raisin,17.69,NA
2021,09,06,simone,9.38,NA
2021,09,10,raisin,17.44,NA
2021,09,10,simone,9.25,NA
2021,09,30,raisin,17.44,NA
2021,09,30,simone,8.88,NA
2021,10,01,raisin,17.31,NA
2021,10,01,simone,9.06,NA
2021,10,08,raisin,17.12,NA
2021,10,08,simone,8.81,NA
2021,10,11,raisin,17.31,NA
2021,10,11,simone,8.81,NA
2021,10,18,raisin,17.19,NA
2021,10,18,simone,8.44,NA
2021,10,21,raisin,17.12,NA
2021,10,21,simone,8.5,NA
2021,10,28,raisin,17.25,NA
2021,10,28,simone,8.5,NA
2021,11,01,raisin,17.38,NA
2021,11,01,simone,8.38,NA
2021,11,07,raisin,17,NA
2021,11,07,simone,8.38,NA
2021,11,12,raisin,16.81,NA
2021,11,12,simone,8.5,NA
2021,11,16,raisin,17.12,NA
2021,11,16,simone,8.25,NA
2021,11,21,raisin,16.81,NA
2021,11,21,simone,8.25,NA
2021,11,24,raisin,16.75,NA
2021,11,24,simone,8.12,NA
2021,12,01,raisin,16.62,NA
2021,12,01,simone,8.12,NA
2021,12,03,raisin,16.5,NA
2021,12,03,simone,8.12,NA
2021,12,10,raisin,16.88,NA
2021,12,10,simone,8.19,NA
2021,12,13,raisin,16.5,NA
2021,12,13,simone,8.25,NA
2021,12,17,raisin,16.56,NA
2021,12,17,simone,7.88,NA
2022,01,17,raisin,17.5,NA
2022,01,17,simone,7.69,NA
2022,01,19,raisin,17.38,NA
2022,01,19,simone,7.75,NA
2022,01,21,raisin,17.81,NA
2022,01,21,simone,7.94,NA
2022,01,24,raisin,17.62,NA
2022,01,24,simone,7.75,NA
2022,01,26,raisin,17.62,NA
2022,01,26,simone,8,NA
2022,01,29,raisin,17.56,NA
2022,01,29,simone,7.75,NA
2022,01,31,raisin,17.5,NA
2022,01,31,simone,7.75,NA
2022,02,03,raisin,17.06,NA
2022,02,03,simone,7.69,NA
2022,02,05,raisin,17.19,NA
2022,02,05,simone,7.75,NA
2022,02,09,raisin,17.44,NA
2022,02,09,simone,8,NA
2022,02,11,raisin,17.31,NA
2022,02,11,simone,8.06,NA
2022,02,21,raisin,17.81,NA
2022,02,21,simone,7.5,NA
2022,02,23,raisin,17.81,NA
2022,02,23,simone,7.75,NA
2022,02,26,raisin,17.5,NA
2022,02,26,simone,7.88,NA
2022,03,08,raisin,18.19,NA
2022,03,08,simone,7.62,NA
2022,03,10,raisin,17.81,NA
2022,03,10,simone,7.75,NA
2022,03,15,raisin,17.5,NA
2022,03,15,simone,7.69,NA
2022,03,16,raisin,17.31,NA
2022,03,16,simone,7.75,NA
2022,03,18,raisin,17.31,NA
2022,03,18,simone,7.62,NA
2022,03,21,raisin,17.38,NA
2022,03,21,simone,7.69,NA
2022,04,02,raisin,17.94,NA
2022,04,02,simone,7.94,NA
2022,04,04,raisin,17.69,NA
2022,04,04,simone,7.81,NA
2022,04,06,raisin,17.69,NA
2022,04,06,simone,7.75,NA
2022,04,08,raisin,17.69,NA
2022,04,08,simone,7.38,NA
2022,04,11,raisin,17.31,NA
2022,04,11,simone,7.5,NA
2022,04,13,raisin,17.44,NA
2022,04,13,simone,8.06,NA
2022,04,16,raisin,17.31,NA
2022,04,16,simone,7.81,NA
2022,04,25,raisin,17.62,20.01
2022,04,25,simone,8.5,20.01
2022,04,27,raisin,17.5,NA
2022,04,27,simone,8.06,NA
2022,04,29,raisin,17.69,NA
2022,04,29,simone,7.88,NA
2022,05,04,raisin,17.25,NA
2022,05,04,simone,7.62,NA
2022,05,06,raisin,17.44,NA
2022,05,06,simone,7.56,NA
